quantity,image_type,name,image,size,price,availability
7,paper print,Asia Clovers,,11x17,25.0,needs image
10,paper print,Holiday Toga (seasonal),/prints/catalog/2046891904-paper-print-11x17-holiday-toga-seasonal.jpg,11x17,25.0,available
2,paper print,HS DXD Trio,,11x17,25.0,needs image
10,paper print,Kob_Tohru_Omurice,,11x17,25.0,needs image
2,paper print,Kobayashi Kana Tohru,/prints/catalog/3327379026-paper-print-11x17-kobayashi-kana-tohru.png,11x17,25.0,available
10,paper print,Mavis and Zeref Close,,11x17,25.0,needs image
2,paper print,One Piece Duo,/prints/catalog/2012455711-paper-print-11x17-one-piece-duo.png,11x17,25.0,available
7,paper print,Toga Ochaco AWK Hug,,11x17,25.0,needs image
5,paper print,Toga Ochaco Cover  B/W,,11x17,25.0,needs image
3,paper print,Toga Ochaco Point,,11x17,25.0,needs image
3,paper print,Toga Red,,11x17,25.0,needs image
3,paper print,Toga Split,,11x17,25.0,needs image
7,paper print,Toga Trail,,11x17,25.0,needs image
3,paper print,Bathtub Blair,/prints/catalog/400650485-paper-print-8-5x11-bathtub-blair.png,8.5x11,15.0,available
5,paper print,Holiday Toga (seasonal),/prints/catalog/2380061358-paper-print-8-5x11-holiday-toga-seasonal.jpg,8.5x11,15.0,available
1,paper print,Spice and Wolf,/prints/catalog/876468564-paper-print-8-5x11-spice-and-wolf.jpg,8.5x11,15.0,available
10,paper print,Toga Cute (Photo Op Duo),,8.5x11,15.0,needs image
3,holographic print,Asia Argento Nun,/prints/catalog/3096612490-holographic-print-holographic-asia-argento-nun.png,holographic,,needs price
3,holographic print,Asia Bikini,,holographic,,needs image
5,holographic print,Asia Clover,,holographic,,needs image
3,holographic print,Asia Ecchi Shot,/prints/catalog/2677251691-holographic-print-holographic-asia-ecchi-shot.png,holographic,,needs price
3,holographic print,Bathtub Blair,/prints/catalog/3418059080-holographic-print-holographic-bathtub-blair.png,holographic,,needs price
5,holographic print,Blair Fly Moon,,holographic,,needs image
5,holographic print,Blair Orange Kiss,,holographic,,needs image
3,holographic print,Blood Artisan Asia,,holographic,,needs image
3,holographic print,Blood Artisan Blair,,holographic,,needs image
3,holographic print,Blood Artisan Kobayashi,,holographic,,needs image
5,holographic print,Cute Red Toga,/prints/catalog/2022812551-holographic-print-holographic-cute-red-toga.png,holographic,,needs price
3,holographic print,Ecchi Tattoo Toga,,holographic,,needs image
3,holographic print,Ecchi Toga Flash,/prints/catalog/1157682858-holographic-print-holographic-ecchi-toga-flash.jpg,holographic,,needs price
3,holographic print,Forest Mavis,/prints/catalog/1148734571-holographic-print-holographic-forest-mavis.jpg,holographic,,needs price
3,holographic print,Holiday Toga (seasonal),/prints/catalog/1852856735-holographic-print-holographic-holiday-toga-seasonal.jpg,holographic,,needs price
3,holographic print,Koabayashi Ecchi,,holographic,,needs image
3,holographic print,Kob Tohru Holiday (seasonal),,holographic,,needs image
3,holographic print,Kobayashi Kana Tohru,/prints/catalog/3565205650-holographic-print-holographic-kobayashi-kana-tohru.png,holographic,,needs price
5,holographic print,Kobayashi Tohru Gift,,holographic,,needs image
3,holographic print,Kobayashi Tohru Nap,,holographic,,needs image
3,holographic print,Koby Mopping,,holographic,,needs image
10,holographic print,Mavis Zeref SCENE,,holographic,,needs image
3,holographic print,One Piece Duo,/prints/catalog/2397589825-holographic-print-holographic-one-piece-duo.png,holographic,,needs price
3,holographic print,Orange Pumpkin Blair,/prints/catalog/47427669-holographic-print-holographic-orange-pumpkin-blair.jpg,holographic,,needs price
3,holographic print,Pink Manga Cover,,holographic,,needs image
3,holographic print,Purple Paws Blair,/prints/catalog/1900587432-holographic-print-holographic-purple-paws-blair.png,holographic,,needs price
3,holographic print,Red Black White Toga,,holographic,,needs image
3,holographic print,Red Stab Toga,/prints/catalog/844536475-holographic-print-holographic-red-stab-toga.png,holographic,,needs price
2,holographic print,Ruby Blood Artisan,,holographic,,needs image
3,holographic print,Toga Black Mask,/prints/catalog/1278163348-holographic-print-holographic-toga-black-mask.png,holographic,,needs price
3,holographic print,Toga Dabi Black White,/prints/catalog/1260659485-holographic-print-holographic-toga-dabi-black-white.png,holographic,,needs price
3,holographic print,Toga Dabi City,,holographic,,needs image
5,holographic print,Toga Neon Red,,holographic,,needs image
3,holographic print,Toga Ochaco Cover,,holographic,,needs image
3,holographic print,Toga Ochaco Point,,holographic,,needs image
3,holographic print,Toga Ochaco Pride (seasonal),,holographic,,needs image
3,holographic print,Toga Ochaco Purple,,holographic,,needs image
10,holographic print,Toga Pink Aimee Ny Poster,,holographic,,needs image
5,holographic print,Toga Pink Hearts,/prints/catalog/2719216881-holographic-print-holographic-toga-pink-hearts.png,holographic,,needs price
5,holographic print,Toga Sparkle,,holographic,,needs image
5,holographic print,Toga Sparkle Purple,,holographic,,needs image
5,holographic print,Toga split,,holographic,,needs image
5,holographic print,Toga Tsu Grayscale,,holographic,,needs image
3,holographic print,Toga Twice Dance,,holographic,,needs image
4,metal print,Asia Card J,,6x9,,needs image
2,metal print,Asia Clover,,6x9,,needs image
2,metal print,Asia Kimono,,6x9,,needs image
2,metal print,Asia Ready to Play,,6x9,,needs image
2,metal print,Asia Xenovia Leash,,6x9,,needs image
4,metal print,Asia Xenovia Sparkly,,6x9,,needs image
5,metal print,Blair_Maka_MangaPanel,,6x9,,needs image
1,metal print,Blood Artisan Asia,,6x9,,needs image
3,metal print,Blood Artisan Kobayashi,,6x9,,needs image
3,metal print,Blood Artisan Ruby,,6x9,,needs image
1,metal print,Blood Artisan Toga,,6x9,,needs image
2,metal print,Coby Join The Marines,,6x9,,needs image
1,metal print,Coby Tribute Card,,6x9,,needs image
3,metal print,Dragon Maid Nap,,6x9,,needs image
5,metal print,DXD Card Art,,6x9,,needs image
5,metal print,FairyTail Cast,,6x9,,needs image
3,metal print,Holiday Toga (seasonal),/prints/catalog/2490635634-metal-print-6x9-holiday-toga-seasonal.jpg,6x9,,needs price
2,metal print,Lovely Smile,,6x9,,needs image
1,metal print,Lovers Toga,,6x9,,needs image
2,metal print,Magician Blair,,6x9,,needs image
1,metal print,Maron- Not Bulma,,6x9,,needs image
4,metal print,Mavis Adventure,,6x9,,needs image
5,metal print,Mavis Zeref Touch,,6x9,,needs image
2,metal print,Miss Doublefinger Card Art,,6x9,,needs image
2,metal print,MVA Manga Cover,,6x9,,needs image
1,metal print,Nami Vs DoubleFinger,,6x9,,needs image
2,metal print,Nurse Toga,,6x9,,needs image
1,metal print,NYE Blair (seasonal),,6x9,,needs image
5,metal print,Pink Manga Cover,,6x9,,needs image
1,metal print,Star Mavis,,6x9,,needs image
1,metal print,Toga #6 Coat Card Art,,6x9,,needs image
2,metal print,Toga Boyfriend,,6x9,,needs image
2,metal print,Toga Coat Walk,,6x9,,needs image
4,metal print,Toga Ochaco Awk Hug,,6x9,,needs image
3,metal print,Toga Rare Stab,,6x9,,needs image
3,metal print,Toga Thank You- End Scene,,6x9,,needs image
1,metal print,Uraka V Toga Cover red bg,,6x9,,needs image
2,metal print,Venom Toga,,6x9,,needs image
2,metal print,Bathtub Blair,/prints/catalog/2699172219-metal-print-large-metal-bathtub-blair.png,large metal,,needs price
2,metal print,Blair Pumpkin Kiss,,large metal,,needs image
5,metal print,Blood Artisan Toga,,large metal,,needs image
2,metal print,Cute Red Toga,/prints/catalog/2777997840-metal-print-large-metal-cute-red-toga.png,large metal,,needs price
5,metal print,FairyTail Cast,,large metal,,needs image
5,metal print,Lisa Frank Toga,,large metal,,needs image
2,metal print,MVA Cover,,large metal,,needs image
2,metal print,Orange Pumpkin Blair,/prints/catalog/418646798-metal-print-large-metal-orange-pumpkin-blair.jpg,large metal,,needs price
2,metal print,Pink Manga Cover Toga,,large metal,,needs image
2,metal print,Purple Paws Blair,/prints/catalog/220698729-metal-print-large-metal-purple-paws-blair.png,large metal,,needs price
2,metal print,Red Black White Toga,,large metal,,needs image
2,metal print,Red Stab Toga,/prints/catalog/1832348371-metal-print-large-metal-red-stab-toga.png,large metal,,needs price
2,metal print,Toga Black Mask,/prints/catalog/2138589493-metal-print-large-metal-toga-black-mask.png,large metal,,needs price
2,metal print,Toga Dabi Black White,/prints/catalog/876140974-metal-print-large-metal-toga-dabi-black-white.png,large metal,,needs price
2,metal print,Toga Dabi City,,large metal,,needs image
2,metal print,Toga Neon Red,,large metal,,needs image
2,metal print,Toga Ochaco Cover  WBG,,large metal,,needs image
2,metal print,Toga Ochaco Point,,large metal,,needs image
5,metal print,Toga Ochaco Purple,,large metal,,needs image
2,metal print,Toga Pink Hearts,,large metal,,needs image
2,metal print,Toga Twice Dance,,large metal,,needs image
3,metal print,Asia Bikini,,medium metal,,needs image
2,metal print,Blair Moon Fly,,medium metal,,needs image
3,metal print,Blood Artisan Asia,,medium metal,,needs image
1,metal print,Blood Artisan Blair,,medium metal,,needs image
3,metal print,Blood Artisan Toga,,medium metal,,needs image
2,metal print,Cute Red Toga,/prints/catalog/1466162656-metal-print-medium-metal-cute-red-toga.png,medium metal,,needs price
5,metal print,DXD Card Art,,medium metal,,needs image
3,metal print,DXD Hug,,medium metal,,needs image
5,metal print,Forest Mavis,/prints/catalog/2167659035-metal-print-medium-metal-forest-mavis.jpg,medium metal,,needs price
5,metal print,Holiday Toga (seasonal),/prints/catalog/315172154-metal-print-medium-metal-holiday-toga-seasonal.jpg,medium metal,,needs price
3,metal print,Kobayashi Kabob,,medium metal,,needs image
3,metal print,Kobayashi Tohru Nap,,medium metal,,needs image
3,metal print,Kobayashi Tohru White,,medium metal,,needs image
2,metal print,Koby Tribute Card,,medium metal,,needs image
10,metal print,Mavis Zeref Scene,,medium metal,,needs image
5,metal print,Mavis Zeref Touch,,medium metal,,needs image
3,metal print,New Blair Pumpkin Wink,,medium metal,,needs image
2,metal print,NYE Blair (seasonal),,medium metal,,needs image
2,metal print,One Piece Duo,/prints/catalog/611022824-metal-print-medium-metal-one-piece-duo.png,medium metal,,needs price
5,metal print,Pink Manga Cover Toga,,medium metal,,needs image
3,metal print,Pink Mavis,,medium metal,,needs image
2,metal print,Pink Shadows Mavis,,medium metal,,needs image
3,metal print,Red Black White Toga,,medium metal,,needs image
2,metal print,Red Stab Toga,/prints/catalog/1627159953-metal-print-medium-metal-red-stab-toga.png,medium metal,,needs price
3,metal print,Toga Black Mask,/prints/catalog/2796269162-metal-print-medium-metal-toga-black-mask.png,medium metal,,needs price
5,metal print,Toga Dabi Black White,/prints/catalog/1778017536-metal-print-medium-metal-toga-dabi-black-white.png,medium metal,,needs price
3,metal print,Toga Dabi City,,medium metal,,needs image
2,metal print,Toga Grinch (seasonal),,medium metal,,needs image
3,metal print,Toga Neon Red,,medium metal,,needs image
3,metal print,Toga Ochaco AWK Hug,,medium metal,,needs image
2,metal print,Toga Ochaco Cover -white bg,,medium metal,,needs image
3,metal print,Toga Ochaco Point,,medium metal,,needs image
4,metal print,Toga Ochaco Pride (seasonal),,medium metal,,needs image
3,metal print,Toga Ochaco Purple,,medium metal,,needs image
5,metal print,Toga Pink Hearts,,medium metal,,needs image
3,metal print,Toga Split,,medium metal,,needs image
3,metal print,Toga Stab -Gray,,medium metal,,needs image
3,metal print,Toga Twice Dance,,medium metal,,needs image
2,metal print,tt toga,,medium metal,,needs image
2,metal trading card,Aerith,,trading card,,needs image
4,metal trading card,Asia Card J,,trading card,,needs image
1,metal trading card,Asia Closeup Card Art,,trading card,,needs image
4,metal trading card,Asia Clover,,trading card,,needs image
2,metal trading card,Asia Kimono,,trading card,,needs image
2,metal trading card,Asia Konako Card Art,,trading card,,needs image
4,metal trading card,Asia lvl 4 card,,trading card,,needs image
2,metal trading card,Asia Ready To Play,,trading card,,needs image
2,metal trading card,Asia Sporty Card,,trading card,,needs image
1,metal trading card,Asia Temperance,,trading card,,needs image
2,metal trading card,Asia Xenovia DXD,,trading card,,needs image
2,metal trading card,Asia Xenovia leash,,trading card,,needs image
2,metal trading card,asia Xenovia Sparkly,,trading card,,needs image
5,metal trading card,Blair Pumpkin,,trading card,,needs image
5,metal trading card,Blair_Color_Card_,,trading card,,needs image
5,metal trading card,Blair_Maka_Panel,,trading card,,needs image
2,metal trading card,Bunny Power Front,,trading card,,needs image
2,metal trading card,Bunny Power Open,,trading card,,needs image
2,metal trading card,Bunny Power Side,,trading card,,needs image
3,metal trading card,DXD Asia Konoko Sitting,,trading card,,needs image
4,metal trading card,DXD Card Art,,trading card,,needs image
5,metal trading card,DxD Hug,,trading card,,needs image
1,metal trading card,Eri Empress,,trading card,,needs image
2,metal trading card,Harley Bat,,trading card,,needs image
2,metal trading card,Harley Front,,trading card,,needs image
5,metal trading card,Kobayashi_Omurice,,trading card,,needs image
3,metal trading card,Kobayashi_Tohru_Gift,,trading card,,needs image
1,metal trading card,Koby At Least I Tried,,trading card,,needs image
1,metal trading card,Koby Page Cups,,trading card,,needs image
2,metal trading card,Koby Tribute Card,,trading card,,needs image
1,metal trading card,Lisa Frank Toga,,trading card,,needs image
2,metal trading card,Luna,,trading card,,needs image
2,metal trading card,Magician Blair,,trading card,,needs image
4,metal trading card,Mavis Adventure,,trading card,,needs image
3,metal trading card,Mavis Forest,,trading card,,needs image
5,metal trading card,Mavis Zeref Touch,,trading card,,needs image
1,metal trading card,Mio Fool,,trading card,,needs image
1,metal trading card,Murmur- Moon,,trading card,,needs image
1,metal trading card,Nodoka -High Priestess,,trading card,,needs image
2,metal trading card,Panty Gun Blast,,trading card,,needs image
2,metal trading card,Panty Guns Up,,trading card,,needs image
2,metal trading card,Pink Power,,trading card,,needs image
1,metal trading card,Power and Toga,,trading card,,needs image
1,metal trading card,Ruby High Priestess,,trading card,,needs image
1,metal trading card,Sadness Deep Inside,,trading card,,needs image
2,metal trading card,Scarlet Witch,,trading card,,needs image
1,metal trading card,Star Mavis,,trading card,,needs image
1,metal trading card,Suzuka Strength,,trading card,,needs image
1,metal trading card,Toga 6 Coat,,trading card,,needs image
4,metal trading card,Toga Aimee Nix Poster,,trading card,,needs image
2,metal trading card,Toga Black Mask,/prints/catalog/2838209485-metal-trading-card-trading-card-toga-black-mask.png,trading card,,needs price
5,metal trading card,Toga Bunny,,trading card,,needs image
5,metal trading card,Toga Crouch,,trading card,,needs image
2,metal trading card,Toga Cute Cos,,trading card,,needs image
5,metal trading card,Toga Food,,trading card,,needs image
1,metal trading card,Toga Gucci,,trading card,,needs image
2,metal trading card,Toga Hip,,trading card,,needs image
2,metal trading card,Toga in the Way,,trading card,,needs image
4,metal trading card,Toga Ochaco Fight Knife,,trading card,,needs image
5,metal trading card,Toga Smile,,trading card,,needs image
1,metal trading card,Toga-Lovers,,trading card,,needs image
5,metal trading card,TogaOchaco_Awk_Hug,,trading card,,needs image
2,metal trading card,Tsunade Swim,,trading card,,needs image
2,metal trading card,TyLee,,trading card,,needs image
2,metal trading card,Zero Two,,trading card,,needs image
5,paper print,Blair Moon,,11x17,25.0,needs image
5,paper print,Blood Artisan Toga,,11x17,25.0,needs image
5,paper print,Kob Tohru Holiday (seasonal),,11x17,25.0,needs image
2,paper print,Kobayashi Gift,,11x17,25.0,needs image
3,paper print,Kobayashi Tohru Nap,,11x17,25.0,needs image
3,paper print,Lisa Frank Toga,,11x17,25.0,needs image
7,paper print,Mavis and Zera,,11x17,25.0,needs image
5,paper print,MVA Cover,,11x17,25.0,needs image
5,paper print,Pink Manga Cover,,11x17,25.0,needs image
2,paper print,Pink Mavis,,11x17,25.0,needs image
1,paper print,Snowy Mavis,,11x17,25.0,needs image
5,paper print,Toga Cute Cos(Photo Op Duo),,11x17,25.0,needs image
5,paper print,Toga Grinch (seasonal),,11x17,25.0,needs image
7,paper print,Toga Ochaco Pride (seasonal),,11x17,25.0,needs image
1,paper print,Toga Twice Dance,,11x17,25.0,needs image
2,paper print,TT Toga,,11x17,25.0,needs image
5,paper print,Aerith,,8.5x11,15.0,needs image
2,paper print,Bikini Asia,,8.5x11,15.0,needs image
5,paper print,Blair Pumpkin,,8.5x11,15.0,needs image
5,paper print,Bunny Power Front,,8.5x11,15.0,needs image
5,paper print,Bunny Power Open,,8.5x11,15.0,needs image
5,paper print,Bunny Power Side,,8.5x11,15.0,needs image
1,paper print,Ecchi Asia Sitting,,8.5x11,15.0,needs image
5,paper print,Harley Bat,,8.5x11,15.0,needs image
5,paper print,Harley Front,,8.5x11,15.0,needs image
5,paper print,Kobayashi Holiday (seasonal),,8.5x11,15.0,needs image
3,paper print,Koby Mopping,,8.5x11,15.0,needs image
3,paper print,Luna Cos,,8.5x11,15.0,needs image
2,paper print,Minatsuki Innocent,,8.5x11,15.0,needs image
2,paper print,Nichijou 3,,8.5x11,15.0,needs image
5,paper print,NYE Blair (seasonal),,8.5x11,15.0,needs image
5,paper print,Panty Gun Blast,,8.5x11,15.0,needs image
5,paper print,Panty Guns Up,,8.5x11,15.0,needs image
5,paper print,Pink Power,,8.5x11,15.0,needs image
5,paper print,Power Cos,,8.5x11,15.0,needs image
5,paper print,Scarlet Witch,,8.5x11,15.0,needs image
2,paper print,Spy Family Girls,,8.5x11,15.0,needs image
1,paper print,Standard Mavis,,8.5x11,15.0,needs image
5,paper print,Toga Bunny,,8.5x11,15.0,needs image
5,paper print,Toga Crouch,,8.5x11,15.0,needs image
7,paper print,Toga Cute Cos (Photo Op Duo),,8.5x11,15.0,needs image
5,paper print,Toga Hip,,8.5x11,15.0,needs image
5,paper print,Toga Smile,,8.5x11,15.0,needs image
3,paper print,"Toga White ""Peace""",,8.5x11,15.0,needs image
5,paper print,Tsunade Swim,,8.5x11,15.0,needs image
5,paper print,TyLee,,8.5x11,15.0,needs image
5,paper print,Zero Two,,8.5x11,15.0,needs image
