name,material,size,status,image,matched_image_name,matched_image_format,match_note
Toga Pink Hearts,Holographic poster,11x17,matched,/prints/catalog/2719216881-holographic-print-holographic-toga-pink-hearts.png,Toga Pink Hearts,Holographic poster 11x17,exact name; exact format; score 130
Toga Pink Hearts,Metal print,10x12,matched,/prints/catalog/2719216881-holographic-print-holographic-toga-pink-hearts.png,Toga Pink Hearts,Holographic poster 11x17,exact name; score 100
Bathtub Blair,Metal trading card,trading card,matched,/prints/catalog/400650485-paper-print-8-5x11-bathtub-blair.png,Bathtub Blair,Paper print 8.5x11,exact name; score 100
Blair Purple Paws OG,Metal trading card,trading card,matched,/prints/catalog/220698729-metal-print-large-metal-purple-paws-blair.png,Purple Paws Blair,Metal print 12x18,same words; score 95
Mavis Forest,Metal trading card,trading card,matched,/prints/catalog/2167659035-metal-print-medium-metal-forest-mavis.jpg,Forest Mavis,Metal print 10x12,same words; score 95
Toga Black Mask,Metal trading card,trading card,matched,/prints/catalog/2838209485-metal-trading-card-trading-card-toga-black-mask.png,Toga Black Mask,Metal trading card trading card,exact name; exact format; score 130
Asia Argento Nun,Paper poster,11x17,matched,/prints/catalog/3096612490-holographic-print-holographic-asia-argento-nun.png,Asia Argento Nun,Holographic poster 11x17,exact name; same size; score 110
Forest Mavis,Paper poster,11x17,matched,/prints/catalog/1148734571-holographic-print-holographic-forest-mavis.jpg,Forest Mavis,Holographic poster 11x17,exact name; same size; score 110
One Piece Duo,Paper poster,11x17,matched,/prints/catalog/2012455711-paper-print-11x17-one-piece-duo.png,One Piece Duo,Paper poster 11x17,exact name; exact format; score 130
Toga Black Mask,Paper poster,11x17,matched,/prints/catalog/1278163348-holographic-print-holographic-toga-black-mask.png,Toga Black Mask,Holographic poster 11x17,exact name; same size; score 110
Toga Dabi Black White,Paper poster,11x17,matched,/prints/catalog/1260659485-holographic-print-holographic-toga-dabi-black-white.png,Toga Dabi Black White,Holographic poster 11x17,exact name; same size; score 110
Spice and Wolf,Paper print,8.5x11,matched,/prints/catalog/876468564-paper-print-8-5x11-spice-and-wolf.jpg,Spice and Wolf,Paper print 8.5x11,exact name; exact format; score 130
Black Mask Toga,Paper poster,11x17,duplicate skipped,/prints/catalog/1278163348-holographic-print-holographic-toga-black-mask.png,Toga Black Mask,Holographic poster 11x17,same words; same size; score 105
Blair Fly Moon,Holographic poster,11x17,missing image,,,,No exact normalized name or same-word image filename match
Blair Orange Kiss,Holographic poster,11x17,missing image,,,,No exact normalized name or same-word image filename match
Toga Dabi City,Holographic poster,11x17,missing image,,,,No exact normalized name or same-word image filename match
Toga Pink Aimee Ny Poster,Holographic poster,11x17,missing image,,,,No exact normalized name or same-word image filename match
Toga Sparkle,Holographic poster,11x17,missing image,,,,No exact normalized name or same-word image filename match
Toga Sparkle Purple,Holographic poster,11x17,missing image,,,,No exact normalized name or same-word image filename match
Toga Tsu Grayscale,Holographic poster,11x17,missing image,,,,No exact normalized name or same-word image filename match
DXD Hug,Metal print,10x12,missing image,,,,No exact normalized name or same-word image filename match
FairyTail Cast,Metal print,10x12,missing image,,,,No exact normalized name or same-word image filename match
Kobayashi Kabob,Metal print,10x12,missing image,,,,No exact normalized name or same-word image filename match
Lisa Frank Toga,Metal print,10x12,missing image,,,,No exact normalized name or same-word image filename match
Mavis Zeref Scene,Metal print,10x12,missing image,,,,No exact normalized name or same-word image filename match
MVA Cover,Metal print,10x12,missing image,,,,No exact normalized name or same-word image filename match
Toga Daylon Pink,Metal print,10x12,missing image,,,,No exact normalized name or same-word image filename match
Toga Ochaco AWK Hug,Metal print,10x12,missing image,,,,No exact normalized name or same-word image filename match
FairyTail Cast,Metal print,12x18,missing image,,,,No exact normalized name or same-word image filename match
Pink Manga Cover Toga,Metal print,12x18,missing image,,,,No exact normalized name or same-word image filename match
Toga Daylon Red,Metal print,12x18,missing image,,,,No exact normalized name or same-word image filename match
Asia Card J,Metal print,6x9,missing image,,,,No exact normalized name or same-word image filename match
Asia Closeup Card Art,Metal print,6x9,missing image,,,,No exact normalized name or same-word image filename match
Asia Swimsuit,Metal print,6x9,missing image,,,,No exact normalized name or same-word image filename match
Asia Temperence,Metal print,6x9,missing image,,,,No exact normalized name or same-word image filename match
Asia Xenovia Leash,Metal print,6x9,missing image,,,,No exact normalized name or same-word image filename match
Asia Xenovia Sparkly,Metal print,6x9,missing image,,,,No exact normalized name or same-word image filename match
Blair_Maka_MangaPanel,Metal print,6x9,missing image,,,,No exact normalized name or same-word image filename match
Blood Artisan Asia,Metal print,6x9,missing image,,,,No exact normalized name or same-word image filename match
Blood Artisan Blair,Metal print,6x9,missing image,,,,No exact normalized name or same-word image filename match
Blood Artisan Toga,Metal print,6x9,missing image,,,,No exact normalized name or same-word image filename match
Coby At Least I Tried,Metal print,6x9,missing image,,,,No exact normalized name or same-word image filename match
Coby Tribute Card,Metal print,6x9,missing image,,,,No exact normalized name or same-word image filename match
Dragon Maid Nap,Metal print,6x9,missing image,,,,No exact normalized name or same-word image filename match
DXD Card Art,Metal print,6x9,missing image,,,,No exact normalized name or same-word image filename match
FairyTail Cast,Metal print,6x9,missing image,,,,No exact normalized name or same-word image filename match
Lovely Smile,Metal print,6x9,missing image,,,,No exact normalized name or same-word image filename match
Lovers Toga,Metal print,6x9,missing image,,,,No exact normalized name or same-word image filename match
Magician Blair,Metal print,6x9,missing image,,,,No exact normalized name or same-word image filename match
Maron- Not Bulma,Metal print,6x9,missing image,,,,No exact normalized name or same-word image filename match
Mavis Zeref Touch,Metal print,6x9,missing image,,,,No exact normalized name or same-word image filename match
Miss Doublefinger Card Art,Metal print,6x9,missing image,,,,No exact normalized name or same-word image filename match
Nami Vs DoubleFinger,Metal print,6x9,missing image,,,,No exact normalized name or same-word image filename match
Purple Ochaco,Metal print,6x9,missing image,,,,No exact normalized name or same-word image filename match
Star Mavis,Metal print,6x9,missing image,,,,No exact normalized name or same-word image filename match
Toga #6 Coat Card Art,Metal print,6x9,missing image,,,,No exact normalized name or same-word image filename match
Toga Boyfriend,Metal print,6x9,missing image,,,,No exact normalized name or same-word image filename match
Toga Goth,Metal print,6x9,missing image,,,,No exact normalized name or same-word image filename match
Toga Rare Card,Metal print,6x9,missing image,,,,No exact normalized name or same-word image filename match
Toga Sadness Deep Inside,Metal print,6x9,missing image,,,,No exact normalized name or same-word image filename match
Toga Thank You- End Scene,Metal print,6x9,missing image,,,,No exact normalized name or same-word image filename match
Uraka V Toga Cover red bg,Metal print,6x9,missing image,,,,No exact normalized name or same-word image filename match
Aria Chariot,Metal trading card,trading card,missing image,,,,No exact normalized name or same-word image filename match
Asia Card J,Metal trading card,trading card,missing image,,,,No exact normalized name or same-word image filename match
Asia Closeup Card Art,Metal trading card,trading card,missing image,,,,No exact normalized name or same-word image filename match
Asia Clover,Metal trading card,trading card,missing image,,,,No exact normalized name or same-word image filename match
Asia Konako Card Art,Metal trading card,trading card,missing image,,,,No exact normalized name or same-word image filename match
Asia lvl 4 card,Metal trading card,trading card,missing image,,,,No exact normalized name or same-word image filename match
Asia Swimsuit,Metal trading card,trading card,missing image,,,,No exact normalized name or same-word image filename match
Asia Temperance,Metal trading card,trading card,missing image,,,,No exact normalized name or same-word image filename match
Asia Xenovia DXD,Metal trading card,trading card,missing image,,,,No exact normalized name or same-word image filename match
Asia Xenovia leash,Metal trading card,trading card,missing image,,,,No exact normalized name or same-word image filename match
Blair_Color_Card_,Metal trading card,trading card,missing image,,,,No exact normalized name or same-word image filename match
Blair_Maka_Panel,Metal trading card,trading card,missing image,,,,No exact normalized name or same-word image filename match
Blood Artisan Asia,Metal trading card,trading card,missing image,,,,No exact normalized name or same-word image filename match
Blood Artisan Blair,Metal trading card,trading card,missing image,,,,No exact normalized name or same-word image filename match
Blood Artisan Toga,Metal trading card,trading card,missing image,,,,No exact normalized name or same-word image filename match
Coby Join The Marines,Metal trading card,trading card,missing image,,,,No exact normalized name or same-word image filename match
Death Minatsuki,Metal trading card,trading card,missing image,,,,No exact normalized name or same-word image filename match
Devil Toga,Metal trading card,trading card,missing image,,,,No exact normalized name or same-word image filename match
DoubleFinger Nami Card Art,Metal trading card,trading card,missing image,,,,No exact normalized name or same-word image filename match
Elze- The Sun,Metal trading card,trading card,missing image,,,,No exact normalized name or same-word image filename match
Eri Empress,Metal trading card,trading card,missing image,,,,No exact normalized name or same-word image filename match
Frenda- Wheel of Fortune,Metal trading card,trading card,missing image,,,,No exact normalized name or same-word image filename match
High School Toga,Metal trading card,trading card,missing image,,,,No exact normalized name or same-word image filename match
Homura- Seven of Wands,Metal trading card,trading card,missing image,,,,No exact normalized name or same-word image filename match
Ikuno Hermit,Metal trading card,trading card,missing image,,,,No exact normalized name or same-word image filename match
Justice Kobayashi,Metal trading card,trading card,missing image,,,,No exact normalized name or same-word image filename match
Kobayashi_Omurice,Metal trading card,trading card,missing image,,,,No exact normalized name or same-word image filename match
Kobayashi_Tohru_Gift,Metal trading card,trading card,missing image,,,,No exact normalized name or same-word image filename match
Koby At Least I Tried,Metal trading card,trading card,missing image,,,,No exact normalized name or same-word image filename match
Koby Page Cups,Metal trading card,trading card,missing image,,,,No exact normalized name or same-word image filename match
Koby Tribute Card,Metal trading card,trading card,missing image,,,,No exact normalized name or same-word image filename match
Lisa Frank Toga,Metal trading card,trading card,missing image,,,,No exact normalized name or same-word image filename match
Magician Blair,Metal trading card,trading card,missing image,,,,No exact normalized name or same-word image filename match
Maron Not Bulma,Metal trading card,trading card,missing image,,,,No exact normalized name or same-word image filename match
Mavis Adventure,Metal trading card,trading card,missing image,,,,No exact normalized name or same-word image filename match
Mavis Zeref Touch,Metal trading card,trading card,missing image,,,,No exact normalized name or same-word image filename match
Minami- Queen of Wands,Metal trading card,trading card,missing image,,,,No exact normalized name or same-word image filename match
Mio Fool,Metal trading card,trading card,missing image,,,,No exact normalized name or same-word image filename match
Miss DoubleFinger Card Art,Metal trading card,trading card,missing image,,,,No exact normalized name or same-word image filename match
Murmur- Moon,Metal trading card,trading card,missing image,,,,No exact normalized name or same-word image filename match
No Use For Heroes,Metal trading card,trading card,missing image,,,,No exact normalized name or same-word image filename match
Nodoka -High Priestess,Metal trading card,trading card,missing image,,,,No exact normalized name or same-word image filename match
Power and Toga,Metal trading card,trading card,missing image,,,,No exact normalized name or same-word image filename match
Ruby High Priestess,Metal trading card,trading card,missing image,,,,No exact normalized name or same-word image filename match
Sadness Deep Inside,Metal trading card,trading card,missing image,,,,No exact normalized name or same-word image filename match
Saki The World,Metal trading card,trading card,missing image,,,,No exact normalized name or same-word image filename match
Spy Family Girls,Metal trading card,trading card,missing image,,,,No exact normalized name or same-word image filename match
Star Mavis,Metal trading card,trading card,missing image,,,,No exact normalized name or same-word image filename match
Suzuka Strength,Metal trading card,trading card,missing image,,,,No exact normalized name or same-word image filename match
Toga 6 Coat,Metal trading card,trading card,missing image,,,,No exact normalized name or same-word image filename match
Toga Boyfriend,Metal trading card,trading card,missing image,,,,No exact normalized name or same-word image filename match
Toga Food,Metal trading card,trading card,missing image,,,,No exact normalized name or same-word image filename match
Toga Goth,Metal trading card,trading card,missing image,,,,No exact normalized name or same-word image filename match
Toga Gucci,Metal trading card,trading card,missing image,,,,No exact normalized name or same-word image filename match
Toga in the Middle,Metal trading card,trading card,missing image,,,,No exact normalized name or same-word image filename match
Toga in the Way,Metal trading card,trading card,missing image,,,,No exact normalized name or same-word image filename match
Toga Lovely Smile,Metal trading card,trading card,missing image,,,,No exact normalized name or same-word image filename match
Toga MVA Cover,Metal trading card,trading card,missing image,,,,No exact normalized name or same-word image filename match
Toga Ochaco Fight Knife,Metal trading card,trading card,missing image,,,,No exact normalized name or same-word image filename match
Toga RARE card art,Metal trading card,trading card,missing image,,,,No exact normalized name or same-word image filename match
Toga RareStab,Metal trading card,trading card,missing image,,,,No exact normalized name or same-word image filename match
Toga Red Neon,Metal trading card,trading card,missing image,,,,No exact normalized name or same-word image filename match
Toga Thank You-End Scene,Metal trading card,trading card,missing image,,,,No exact normalized name or same-word image filename match
Toga V Ochaco Purple,Metal trading card,trading card,missing image,,,,No exact normalized name or same-word image filename match
Toga-Lovers,Metal trading card,trading card,missing image,,,,No exact normalized name or same-word image filename match
TogaOchaco_Awk_Hug,Metal trading card,trading card,missing image,,,,No exact normalized name or same-word image filename match
Asia Clovers,Paper poster,11x17,missing image,,,,No exact normalized name or same-word image filename match
Blair Magician,Paper poster,11x17,missing image,,,,No exact normalized name or same-word image filename match
Kob_Tohru_Omurice,Paper poster,11x17,missing image,,,,No exact normalized name or same-word image filename match
Kobayashi Gift,Paper poster,11x17,missing image,,,,No exact normalized name or same-word image filename match
Lisa Frank Toga,Paper poster,11x17,missing image,,,,No exact normalized name or same-word image filename match
Mavis and Zeref Close,Paper poster,11x17,missing image,,,,No exact normalized name or same-word image filename match
Pink Mavis,Paper poster,11x17,missing image,,,,No exact normalized name or same-word image filename match
Pink Shadows Mavis,Paper poster,11x17,missing image,,,,No exact normalized name or same-word image filename match
Red Black White Toga,Paper poster,11x17,missing image,,,,No exact normalized name or same-word image filename match
Snowy Mavis,Paper poster,11x17,missing image,,,,No exact normalized name or same-word image filename match
Toga Cammie PINK,Paper poster,11x17,missing image,,,,No exact normalized name or same-word image filename match
Toga Devil,Paper poster,11x17,missing image,,,,No exact normalized name or same-word image filename match
Toga Dolls,Paper poster,11x17,missing image,,,,No exact normalized name or same-word image filename match
Toga Neon,Paper poster,11x17,missing image,,,,No exact normalized name or same-word image filename match
Toga Ochaco Point,Paper poster,11x17,missing image,,,,No exact normalized name or same-word image filename match
Toga Trail,Paper poster,11x17,missing image,,,,No exact normalized name or same-word image filename match
Toga Twice Dance,Paper poster,11x17,missing image,,,,No exact normalized name or same-word image filename match
TT Toga,Paper poster,11x17,missing image,,,,No exact normalized name or same-word image filename match
Baka and Test_Minami,Paper print,8.5x11,missing image,,,,No exact normalized name or same-word image filename match
Ecchi Asia Sitting,Paper print,8.5x11,missing image,,,,No exact normalized name or same-word image filename match
Eden of the East,Paper print,8.5x11,missing image,,,,No exact normalized name or same-word image filename match
Elze- Smartphone,Paper print,8.5x11,missing image,,,,No exact normalized name or same-word image filename match
Future Diary Murmur,Paper print,8.5x11,missing image,,,,No exact normalized name or same-word image filename match
"Maron, Not Bulma",Paper print,8.5x11,missing image,,,,No exact normalized name or same-word image filename match
Minatsuki Death,Paper print,8.5x11,missing image,,,,No exact normalized name or same-word image filename match
Ruby moonlight,Paper print,8.5x11,missing image,,,,No exact normalized name or same-word image filename match
Sylvie HNTSDL,Paper print,8.5x11,missing image,,,,No exact normalized name or same-word image filename match
