"Item Name","Preferred Stock ","Current Stock ","NEXT SHOW: DFW Card Show, April 26","Shipping address omitted","Bring to Next Con ","Replenish?","#100 Satin","","","","","","","","","","","","","","","","","",""
"Toga Twice Dance","5","4","","","1","No","","","","","","","","","","","","","","","","","","",""
"Toga Cammie PINK","5","5","","","0","No","","","","","","","","","","","","","","","","","","",""
"Toga Dabi City","5","5","","","0","No","","","","","","","","","","","","","","","","","","",""
"Toga Dabi Black White","5","5","","","0","No","","","","","","","","","","","","","","","","","","",""
"Toga Black Mask","5","6","","","0","No","","","","","","","","","","","","","","","","","","",""
"Toga Dolls","5","5","","","0","No","","","","","","","","","","","","","","","","","","",""
"Toga Neon","5","6","","","0","No","","","","","","","","","","","","","","","","","","",""
"Toga Pink Hearts","5","5","","","0","No","","","","","","","","","","","","","","","","","","",""
"Toga Ochaco Cover  B/W","5","0","https://drive.google.com/file/d/1tOIybVfQa0mGgPzdtDTXN08cAp8B96_i/view?usp=drive_link","","5","Yes","NEW","","","","","","","","","","","","","","","","","",""
"Toga Split","5","2","https://drive.google.com/file/d/1n476QqWwFurSJd3QgyJ4LV4WIpjTZxsN/view?usp=drive_link","","3","Yes","","","","","","","","","","","","","","","","","","",""
"Toga Ochaco Purple ","5","8","","","0","No","","","","","","","","","","","","","","","","","","",""
"Toga Ochaco Point ","5","2","https://drive.google.com/file/d/1ecDmamWIIv54z1JbE4esPOBoCF6V_v-W/view?usp=drive_link","","3","Yes","","","","","","","","","","","","","","","","","","",""
"Cute Red Toga","5","5","","","0","No","","","","","","","","","","","","","","","","","","",""
"Toga Red","5","2","https://drive.google.com/file/d/1bVlmtfljsd4VK9yMQlhBTXpOtNKQvffZ/view?usp=sharing","","3","Yes","","","","","","","","","","","","","","","","","","",""
"Red Black White Toga","5","5","","","0","No","","","","","","","","","","","","","","","","","","",""
"TT Toga","5","3","","","2","","","","","","","","","","","","","","","","","","","",""
"Blood Artisan Toga","5","0","","","5","","","","","","","","","","","","","","","","","","","",""
"Toga Ochaco Pride (seasonal)","10","3","","","7","","","","","","","","","","","","","","","","","","","",""
"Holiday Toga (seasonal)","10","0","","","10","","","","","","","","","","","","","","","","","","","",""
"One Piece Duo","5","3","","","2","No","","","","","","","","","","","","","","","","","","",""
"HS DXD Trio ","5","3","https://drive.google.com/file/d/1Lu24Ig8cFeZK0TnHrfQ1tbEcZsp47Iye/view?usp=sharing","","2","Yes","","","","","","","","","","","","","","","","","","",""
"Asia Argento Nun","3","3","","","0","No","","","","","","","","","","","","","","","","","","",""
"Asia Swimsuit","5","5","","","0","No","","","","","","","","","","","","","","","","","","",""
"Blood Artisan Asia","5","5","","","0","No","","","","","","","","","","","","","","","","","","",""
"Kobayashi Kana Tohru","5","3","","","2","No","","","","","","","","","","","","","","","","","","",""
"Kobayashi Gift","5","3","","","2","No","","","","","","","","","","","","","","","","","","",""
"Kobayashi Tohru Nap","5","2","","","3","No","","","","","","","","","","","","","","","","","","",""
"Koabayashi Ecchi ","5","5","","","0","","","","","","","","","","","","","","","","","","","",""
"Kob Tohru Holiday (seasonal)","5","0","","","5","","","","","","","","","","","","","","","","","","","",""
"Mavis and Zeref Close","10","0","https://drive.google.com/file/d/1pS19AplNDYju0Nh4STiT2evAbIxOflX9/view?usp=sharing","","10","Yes","NEW","","","","","","","","","","","","","","","","","",""
"Bathtub Blair","5","5","","","0","No","","","","","","","","","","","","","","","","","","",""
"Orange Pumpkin Blair","5","5","","","0","No","","","","","","","","","","","","","","","","","","",""
"Purple Paws Blair ","5","5","","","0","No","","","","","","","","","","","","","","","","","","",""
"Blair Moon","5","0","","","5","","","","","","","","","","","","","","","","","","","",""
"Pink Mavis","5","3","","","2","","","","","","","","","","","","","","","","","","","",""
"Forest Mavis ","5","5","","","0","No","","","","","","","","","","","","","","","","","","",""
"Pink Shadows Mavis ","5","6","","","0","","","","","","","","","","","","","","","","","","","",""
"Snowy Mavis","5","4","","","1","","","","","","","","","","","","","","","","","","","",""
"FairyTail Cast ","5","5","","","0","No","","","","","","","","","","","","","","","","","","",""
"Toga Grinch (seasonal) ","5","0","","","5","","","","","","","","","","","","","","","","","","","",""
"Pink Manga Cover","5","0","","","5","","","","","","","","","","","","","","","","","","","",""
"MVA Cover ","5","0","","","5","No","","","","","","","","","","","","","","","","","","",""
"Toga Devil","5","5","","","0","No","","","","","","","","","","","","","","","","","","",""
"Blair Magician","5","5","","","0","No","","","","","","","","","","","","","","","","","","",""
"Blair Pumpkin Kiss","5","5","","","0","No","","","","","","","","","","","","","","","","","","",""
"Lisa Frank Toga","5","2","","","3","No","","","","","","","","","","","","","","","","","","",""
"Black Mask Toga","3","6","","","0","No","","","","","","","","","","","","","","","","","","",""
"Koby #4 Card","5","5","","","0","No","","","","","","","","","","","","","","","","","","",""
"Goth Toga","5","5","","","0","No","","","","","","","","","","","","","","","","","","",""
"Toga Ochaco AWK Hug","7","0","https://drive.google.com/file/d/1SoYX2bBvuJJKsaFMBbMXf2KZ5zfnil4c/view?usp=sharing","","7","Yes","NEW","","","","","","","","","","","","","","","","","",""
"Kob_Tohru_Omurice","10","0","https://drive.google.com/file/d/1itj9ZM4euTG0H8C6DXKQKJ2gIB1TZ6V6/view?usp=drive_link","","10","Yes","NEW","","","","","","","","","","","","","","","","","",""
"Mavis and Zera","7","0","","","7","No","","","","","","","","","","","","","","","","","","",""
"Toga Trail","7","0","https://drive.google.com/file/d/1rTuV8TOIHmS-kAVSCD7l5V8mbHdpMKL_/view?usp=sharing","","7","Yes","NEW","","","","","","","","","","","","","","","","","",""
"Asia Clovers","7","0","https://drive.google.com/file/d/1FTL60NeFunkDUby6kgfj_paL2rvblsmI/view?usp=drive_link","","7","Yes","NEW","","","","","","","","","","","","","","","","","",""
